{
  "Guid" : "AB2C7D3F-8D94-4B38-A2D7-A5997D78EB53",
  "Tags" : [

  ],
  "Ansi 12 Color" : {
    "Red Component" : 0.35294117647058826,
    "Color Space" : "sRGB",
    "Blue Component" : 0.96470588235294119,
    "Alpha Component" : 1,
    "Green Component" : 0.69019607843137254
  },
  "Link Color" : {
    "Red Component" : 0.35294117647058826,
    "Color Space" : "sRGB",
    "Blue Component" : 0.96470588235294119,
    "Alpha Component" : 1,
    "Green Component" : 0.69019607843137254
  },
  "Ansi 7 Color" : {
    "Red Component" : 0.6470588235294118,
    "Color Space" : "sRGB",
    "Blue Component" : 0.77254901960784317,
    "Alpha Component" : 1,
    "Green Component" : 0.69019607843137254
  },
  "Bold Color" : {
    "Red Component" : 0.98039215686274506,
    "Color Space" : "sRGB",
    "Blue Component" : 0.98039215686274506,
    "Alpha Component" : 1,
    "Green Component" : 0.98039215686274506
  },
  "Ansi 8 Color" : {
    "Red Component" : 0.32941176470588235,
    "Color Space" : "sRGB",
    "Blue Component" : 0.47058823529411764,
    "Alpha Component" : 1,
    "Green Component" : 0.38039215686274508
  },
  "Ansi 9 Color" : {
    "Red Component" : 0.93725490196078431,
    "Color Space" : "sRGB",
    "Blue Component" : 0.41960784313725491,
    "Alpha Component" : 1,
    "Green Component" : 0.37254901960784315
  },
  "Horizontal Spacing" : 1,
  "Rows" : 48,
  "Default Bookmark" : "No",
  "Right Option Key Sends" : 2,
  "Cursor Guide Color" : {
    "Red Component" : 0.70213186740875244,
    "Color Space" : "sRGB",
    "Blue Component" : 1,
    "Alpha Component" : 0.25,
    "Green Component" : 0.9268307089805603
  },
  "Non-ASCII Anti Aliased" : true,
  "Use Bright Bold" : true,
  "Ansi 10 Color" : {
    "Red Component" : 0.59215686274509804,
    "Color Space" : "sRGB",
    "Blue Component" : 0.44705882352941179,
    "Alpha Component" : 1,
    "Green Component" : 0.792156862745098
  },
  "Ambiguous Double Width" : false,
  "Jobs to Ignore" : [
    "rlogin",
    "ssh",
    "slogin",
    "telnet"
  ],
  "Ansi 15 Color" : {
    "Red Component" : 0.98039215686274506,
    "Color Space" : "sRGB",
    "Blue Component" : 0.98039215686274506,
    "Alpha Component" : 1,
    "Green Component" : 0.98039215686274506
  },
  "Foreground Color" : {
    "Red Component" : 0.6470588235294118,
    "Color Space" : "sRGB",
    "Blue Component" : 0.77254901960784317,
    "Alpha Component" : 1,
    "Green Component" : 0.69019607843137254
  },
  "Working Directory" : "\/Users\/wltr",
  "Blinking Cursor" : false,
  "Disable Window Resizing" : true,
  "Sync Title" : false,
  "Prompt Before Closing 2" : false,
  "BM Growl" : false,
  "Command" : "",
  "Description" : "Default",
  "Mouse Reporting" : true,
  "Screen" : -1,
  "Selection Color" : {
    "Red Component" : 0.49019607843137253,
    "Color Space" : "sRGB",
    "Blue Component" : 0.62352941176470589,
    "Alpha Component" : 1,
    "Green Component" : 0.53725490196078429
  },
  "Initial Use Transparency" : false,
  "Columns" : 192,
  "Idle Code" : 0,
  "Ansi 13 Color" : {
    "Red Component" : 0.792156862745098,
    "Color Space" : "sRGB",
    "Blue Component" : 0.89411764705882357,
    "Alpha Component" : 1,
    "Green Component" : 0.44705882352941179
  },
  "Custom Command" : "No",
  "ASCII Anti Aliased" : true,
  "Non Ascii Font" : "Monaco 12",
  "Vertical Spacing" : 1.01,
  "Left Option Key Changeable" : false,
  "Use Bold Font" : true,
  "Selected Text Color" : {
    "Red Component" : 0.082352941176470587,
    "Color Space" : "sRGB",
    "Blue Component" : 0.12549019607843137,
    "Alpha Component" : 1,
    "Green Component" : 0.094117647058823528
  },
  "Option Key Sends" : 2,
  "Background Color" : {
    "Red Component" : 0.14117647058823529,
    "Color Space" : "sRGB",
    "Blue Component" : 0.2196078431372549,
    "Alpha Component" : 1,
    "Green Component" : 0.16862745098039217
  },
  "Ansi 11 Color" : {
    "Red Component" : 0.92156862745098034,
    "Color Space" : "sRGB",
    "Blue Component" : 0.45882352941176469,
    "Alpha Component" : 1,
    "Green Component" : 0.76078431372549016
  },
  "Character Encoding" : 4,
  "Thin Strokes" : 0,
  "Use Italic Font" : true,
  "Unlimited Scrollback" : false,
  "Keyboard Map" : {
    "0xf700-0x260000" : {
      "Text" : "[1;6A",
      "Action" : 10
    },
    "0x37-0x40000" : {
      "Text" : "0x1f",
      "Action" : 11
    },
    "0x32-0x40000" : {
      "Text" : "0x00",
      "Action" : 11
    },
    "0xf709-0x20000" : {
      "Text" : "[17;2~",
      "Action" : 10
    },
    "0xf70c-0x20000" : {
      "Text" : "[20;2~",
      "Action" : 10
    },
    "0xf729-0x20000" : {
      "Text" : "[1;2H",
      "Action" : 10
    },
    "0xf72b-0x40000" : {
      "Text" : "[1;5F",
      "Action" : 10
    },
    "0xf705-0x20000" : {
      "Text" : "[1;2Q",
      "Action" : 10
    },
    "0xf703-0x260000" : {
      "Text" : "[1;6C",
      "Action" : 10
    },
    "0xf700-0x220000" : {
      "Text" : "[1;2A",
      "Action" : 10
    },
    "0xf701-0x280000" : {
      "Text" : "0x1b 0x1b 0x5b 0x42",
      "Action" : 11
    },
    "0x38-0x40000" : {
      "Text" : "0x7f",
      "Action" : 11
    },
    "0x33-0x40000" : {
      "Text" : "0x1b",
      "Action" : 11
    },
    "0xf703-0x220000" : {
      "Text" : "[1;2C",
      "Action" : 10
    },
    "0xf701-0x240000" : {
      "Text" : "[1;5B",
      "Action" : 10
    },
    "0xf70d-0x20000" : {
      "Text" : "[21;2~",
      "Action" : 10
    },
    "0xf702-0x260000" : {
      "Text" : "[1;6D",
      "Action" : 10
    },
    "0xf729-0x40000" : {
      "Text" : "[1;5H",
      "Action" : 10
    },
    "0xf706-0x20000" : {
      "Text" : "[1;2R",
      "Action" : 10
    },
    "0x34-0x40000" : {
      "Text" : "0x1c",
      "Action" : 11
    },
    "0xf700-0x280000" : {
      "Text" : "0x1b 0x1b 0x5b 0x41",
      "Action" : 11
    },
    "0x2d-0x40000" : {
      "Text" : "0x1f",
      "Action" : 11
    },
    "0xf70e-0x20000" : {
      "Text" : "[23;2~",
      "Action" : 10
    },
    "0xf702-0x220000" : {
      "Text" : "[1;2D",
      "Action" : 10
    },
    "0xf703-0x280000" : {
      "Text" : "0x1b 0x1b 0x5b 0x43",
      "Action" : 11
    },
    "0xf700-0x240000" : {
      "Text" : "[1;5A",
      "Action" : 10
    },
    "0xf707-0x20000" : {
      "Text" : "[1;2S",
      "Action" : 10
    },
    "0xf70a-0x20000" : {
      "Text" : "[18;2~",
      "Action" : 10
    },
    "0x35-0x40000" : {
      "Text" : "0x1d",
      "Action" : 11
    },
    "0xf70f-0x20000" : {
      "Text" : "[24;2~",
      "Action" : 10
    },
    "0xf703-0x240000" : {
      "Text" : "[1;5C",
      "Action" : 10
    },
    "0xf701-0x260000" : {
      "Text" : "[1;6B",
      "Action" : 10
    },
    "0xf702-0x280000" : {
      "Text" : "0x1b 0x1b 0x5b 0x44",
      "Action" : 11
    },
    "0xf72b-0x20000" : {
      "Text" : "[1;2F",
      "Action" : 10
    },
    "0x36-0x40000" : {
      "Text" : "0x1e",
      "Action" : 11
    },
    "0xf708-0x20000" : {
      "Text" : "[15;2~",
      "Action" : 10
    },
    "0xf701-0x220000" : {
      "Text" : "[1;2B",
      "Action" : 10
    },
    "0xf70b-0x20000" : {
      "Text" : "[19;2~",
      "Action" : 10
    },
    "0xf702-0x240000" : {
      "Text" : "[1;5D",
      "Action" : 10
    },
    "0xf704-0x20000" : {
      "Text" : "[1;2P",
      "Action" : 10
    }
  },
  "Window Type" : 0,
  "Blur Radius" : 0.10000000000000001,
  "Background Image Location" : "",
  "Blur" : false,
  "Badge Color" : {
    "Red Component" : 1,
    "Color Space" : "sRGB",
    "Blue Component" : 1,
    "Alpha Component" : 0.5,
    "Green Component" : 1
  },
  "Scrollback Lines" : 1000000,
  "Send Code When Idle" : false,
  "Close Sessions On End" : true,
  "Terminal Type" : "xterm-256color",
  "Visual Bell" : false,
  "Flashing Bell" : false,
  "Silence Bell" : true,
  "Ansi 14 Color" : {
    "Red Component" : 0.30196078431372547,
    "Color Space" : "sRGB",
    "Blue Component" : 0.79607843137254897,
    "Alpha Component" : 1,